Workbook

Sheet LEIA-ME
A1: KIT DO PROJETO INTEGRADOR — suporte de TI / logística
A3: Células com fundo AMARELO são para você preencher. Fundo VERDE é a linha de exemplo (apague ou substitua).
A4: Células brancas com fórmula calculam sozinhas: não digite nelas.
A6: Ordem de uso
A7: 1. Categorias: revise a lista de categorias e ajuste para a realidade do seu suporte.
A8: 2. Chamados: cole os chamados do período ANTES (descrição sem nomes, logins ou nome da empresa). Classifique Tipo, Categoria, Impacto e Urgência.
A9: 3. A coluna Prioridade é calculada pela aba Matriz. Não digite nela.
A10: 4. Se usar IA, cole a categoria sugerida na coluna "Categoria sugerida pela IA". A coluna ao lado diz se ela acertou.
A11: 5. Aplique o novo fluxo por alguns dias e lance os chamados novos com Período = Depois.
A12: 6. Contas_AD: cole o CSV gerado pelo script exportar_contas_ad.ps1. Desligados_RH: cole os logins que o RH informar.
A13: 7. Resultados: os números para o relatório aparecem prontos. Copie para a seção 5 do relatório.
A15: Impacto: 1 = Alto (setor inteiro ou operação parada) | 2 = Médio (grupo de usuários) | 3 = Baixo (um usuário)
... A18: Os prazos de atendimento da aba Matriz são SUGESTÕES para o projeto, não um padrão oficial. Ajuste ao que sua equipe consegue cumprir.

Sheet Resultados
A1: Resultados para a seção 5 do relatório
A2: Apague as linhas de exemplo (verdes) antes de usar estes números.
A4: Indicador | B4: Antes | C4: Depois
A5: Total de chamados | B5: =COUNTIF(Chamados!$C$2:$C$301,"Antes") | C5: =COUNTIF(Chamados!$C$2:$C$301,"Depois")
A6: Incidentes | B6: =COUNTIFS(Chamados!$C$2:$C$301,"Antes",Chamados!$F$2:$F$301,"Incidente") | C6: =COUNTIFS(Chamados!$C$2:$C$301,"Depois",Chamados!$F$2:$F$301,"Incidente")
A7: Requisições de serviço | B7: =COUNTIFS(Chamados!$C$2:$C$301,"Antes",Chamados!$F$2:$F$301,"Requisição de serviço") | C7: =COUNTIFS(Chamados!$C$2:$C$301,"Depois",Chamados!$F$2:$F$301,"Requisição de serviço")
A8: Problemas | B8: =COUNTIFS(Chamados!$C$2:$C$301,"Antes",Chamados!$F$2:$F$301,"Problema") | C8: =COUNTIFS(Chamados!$C$2:$C$301,"Depois",Chamados!$F$2:$F$301,"Problema")
A9: Chamados com categoria preenchida (%) | B9: =IFERROR(SUMPRODUCT((Chamados!$C$2:$C$301="Antes")*(Chamados!$G$2:$G$301<>""))/COUNTIF(Chamados!$C$2:$C$301,"Antes"),0) | C9: =IFERROR(SUMPRODUCT((Chamados!$C$2:$C$301="Depois")*(Chamados!$G$2:$G$301<>""))/COUNTIF(Chamados!$C$2:$C$301,"Depois"),0)
A10: Chamados com prioridade definida (%) | B10: =IFERROR(SUMPRODUCT((Chamados!$C$2:$C$301="Antes")*(Chamados!$J$2:$J$301<>""))/COUNTIF(Chamados!$C$2:$C$301,"Antes"),0) | C10: =IFERROR(SUMPRODUCT((Chamados!$C$2:$C$301="Depois")*(Chamados!$J$2:$J$301<>""))/COUNTIF(Chamados!$C$2:$C$301,"Depois"),0)
A11: Chamados P1 | B11: =COUNTIFS(Chamados!$C$2:$C$301,"Antes",Chamados!$J$2:$J$301,"P1") | C11: =COUNTIFS(Chamados!$C$2:$C$301,"Depois",Chamados!$J$2:$J$301,"P1")
A12: Tempo médio de solução (min) | B12: =IFERROR(AVERAGEIFS(Chamados!$M$2:$M$301,Chamados!$C$2:$C$301,"Antes"),0) | C12: =IFERROR(AVERAGEIFS(Chamados!$M$2:$M$301,Chamados!$C$2:$C$301,"Depois"),0)
A14: Inteligência Artificial
A15: Sugestões da IA conferidas | B15: =COUNTIF(Chamados!$L$2:$L$301,"Sim")+COUNTIF(Chamados!$L$2:$L$301,"Não")
A16: Acerto da IA (%) | B16: =IFERROR(COUNTIF(Chamados!$L$2:$L$301,"Sim")/B15,0)
A18: Contas do Active Directory
A19: Contas inativas exportadas | B19: =COUNTA(Contas_AD!$A$2:$A$501)
A20: Contas ativas de ex-colaboradores (RH) | B20: =COUNTIF(Contas_AD!$D$2:$D$501,"SIM")
A21: Contas desabilitadas após a revisão | B21: =COUNTIF(Contas_AD!$E$2:$E$501,"Desabilitada")
A23: Chamados por categoria
A24: Categoria | B24: Antes | C24: Depois
A25: =IF(Categorias!$A$2="","",Categorias!$A$2) | B25: =IF($A25="","",COUNTIFS(Chamados!$C$2:$C$301,"Antes",Chamados!$G$2:$G$301,$A25)) | C25: =IF($A25="","",COUNTIFS(Chamados!$C$2:$C$301,"Depois",Chamados!$G$2:$G$301,$A25))
A26: =IF(Categorias!$A$3="","",Categorias!$A$3) | B26: =IF($A26="","",COUNTIFS(Chamados!$C$2:$C$301,"Antes",Chamados!$G$2:$G$301,$A26)) | C26: =IF($A26="","",COUNTIFS(Chamados!$C$2:$C$301,"Depois",Chamados!$G$2:$G$301,$A26))
A27: =IF(Categorias!$A$4="","",Categorias!$A$4) | B27: =IF($A27="","",COUNTIFS(Chamados!$C$2:$C$301,"Antes",Chamados!$G$2:$G$301,$A27)) | C27: =IF($A27="","",COUNTIFS(Chamados!$C$2:$C$301,"Depois",Chamados!$G$2:$G$301,$A27))
A28: =IF(Categorias!$A$5="","",Categorias!$A$5) | B28: =IF($A28="","",COUNTIFS(Chamados!$C$2:$C$301,"Antes",Chamados!$G$2:$G$301,$A28)) | C28: =IF($A28="","",COUNTIFS(Chamados!$C$2:$C$301,"Depois",Chamados!$G$2:$G$301,$A28))
A29: =IF(Categorias!$A$6="","",Categorias!$A$6) | B29: =IF($A29="","",COUNTIFS(Chamados!$C$2:$C$301,"Antes",Chamados!$G$2:$G$301,$A29)) | C29: =IF($A29="","",COUNTIFS(Chamados!$C$2:$C$301,"Depois",Chamados!$G$2:$G$301,$A29))
A30: =IF(Categorias!$A$7="","",Categorias!$A$7) | B30: =IF($A30="","",COUNTIFS(Chamados!$C$2:$C$301,"Antes",Chamados!$G$2:$G$301,$A30)) | C30: =IF($A30="","",COUNTIFS(Chamados!$C$2:$C$301,"Depois",Chamados!$G$2:$G$301,$A30))
A31: =IF(Categorias!$A$8="","",Categorias!$A$8) | B31: =IF($A31="","",COUNTIFS(Chamados!$C$2:$C$301,"Antes",Chamados!$G$2:$G$301,$A31)) | C31: =IF($A31="","",COUNTIFS(Chamados!$C$2:$C$301,"Depois",Chamados!$G$2:$G$301,$A31))
A32: =IF(Categorias!$A$9="","",Categorias!$A$9) | B32: =IF($A32="","",COUNTIFS(Chamados!$C$2:$C$301,"Antes",Chamados!$G$2:$G$301,$A32)) | C32: =IF($A32="","",COUNTIFS(Chamados!$C$2:$C$301,"Depois",Chamados!$G$2:$G$301,$A32))
A33: =IF(Categorias!$A$10="","",Categorias!$A$10) | B33: =IF($A33="","",COUNTIFS(Chamados!$C$2:$C$301,"Antes",Chamados!$G$2:$G$301,$A33)) | C33: =IF($A33="","",COUNTIFS(Chamados!$C$2:$C$301,"Depois",Chamados!$G$2:$G$301,$A33))
A34: =IF(Categorias!$A$11="","",Categorias!$A$11) | B34: =IF($A34="","",COUNTIFS(Chamados!$C$2:$C$301,"Antes",Chamados!$G$2:$G$301,$A34)) | C34: =IF($A34="","",COUNTIFS(Chamados!$C$2:$C$301,"Depois",Chamados!$G$2:$G$301,$A34))
A35: =IF(Categorias!$A$12="","",Categorias!$A$12) | B35: =IF($A35="","",COUNTIFS(Chamados!$C$2:$C$301,"Antes",Chamados!$G$2:$G$301,$A35)) | C35: =IF($A35="","",COUNTIFS(Chamados!$C$2:$C$301,"Depois",Chamados!$G$2:$G$301,$A35))
A36: =IF(Categorias!$A$13="","",Categorias!$A$13) | B36: =IF($A36="","",COUNTIFS(Chamados!$C$2:$C$301,"Antes",Chamados!$G$2:$G$301,$A36)) | C36: =IF($A36="","",COUNTIFS(Chamados!$C$2:$C$301,"Depois",Chamados!$G$2:$G$301,$A36))
A37: =IF(Categorias!$A$14="","",Categorias!$A$14) | B37: =IF($A37="","",COUNTIFS(Chamados!$C$2:$C$301,"Antes",Chamados!$G$2:$G$301,$A37)) | C37: =IF($A37="","",COUNTIFS(Chamados!$C$2:$C$301,"Depois",Chamados!$G$2:$G$301,$A37))
A38: =IF(Categorias!$A$15="","",Categorias!$A$15) | B38: =IF($A38="","",COUNTIFS(Chamados!$C$2:$C$301,"Antes",Chamados!$G$2:$G$301,$A38)) | C38: =IF($A38="","",COUNTIFS(Chamados!$C$2:$C$301,"Depois",Chamados!$G$2:$G$301,$A38))
A39: =IF(Categorias!$A$16="","",Categorias!$A$16) | B39: =IF($A39="","",COUNTIFS(Chamados!$C$2:$C$301,"Antes",Chamados!$G$2:$G$301,$A39)) | C39: =IF($A39="","",COUNTIFS(Chamados!$C$2:$C$301,"Depois",Chamados!$G$2:$G$301,$A39))
A40: =IF(Categorias!$A$17="","",Categorias!$A$17) | B40: =IF($A40="","",COUNTIFS(Chamados!$C$2:$C$301,"Antes",Chamados!$G$2:$G$301,$A40)) | C40: =IF($A40="","",COUNTIFS(Chamados!$C$2:$C$301,"Depois",Chamados!$G$2:$G$301,$A40))
A41: =IF(Categorias!$A$18="","",Categorias!$A$18) | B41: =IF($A41="","",COUNTIFS(Chamados!$C$2:$C$301,"Antes",Chamados!$G$2:$G$301,$A41)) | C41: =IF($A41="","",COUNTIFS(Chamados!$C$2:$C$301,"Depois",Chamados!$G$2:$G$301,$A41))
A42: =IF(Categorias!$A$19="","",Categorias!$A$19) | B42: =IF($A42="","",COUNTIFS(Chamados!$C$2:$C$301,"Antes",Chamados!$G$2:$G$301,$A42)) | C42: =IF($A42="","",COUNTIFS(Chamados!$C$2:$C$301,"Depois",Chamados!$G$2:$G$301,$A42))
A43: =IF(Categorias!$A$20="","",Categorias!$A$20) | B43: =IF($A43="","",COUNTIFS(Chamados!$C$2:$C$301,"Antes",Chamados!$G$2:$G$301,$A43)) | C43: =IF($A43="","",COUNTIFS(Chamados!$C$2:$C$301,"Depois",Chamados!$G$2:$G$301,$A43))
A44: =IF(Categorias!$A$21="","",Categorias!$A$21) | B44: =IF($A44="","",COUNTIFS(Chamados!$C$2:$C$301,"Antes",Chamados!$G$2:$G$301,$A44)) | C44: =IF($A44="","",COUNTIFS(Chamados!$C$2:$C$301,"Depois",Chamados!$G$2:$G$301,$A44))

Sheet Categorias
A1: Categoria | B1: Tipo ITIL mais comum | C1: Exemplo
A2: Senha / conta bloqueada | B2: Requisição de serviço | C2: Usuário bloqueou a conta do AD no início do turno
A3: Criação de usuário (AD/WMS) | B3: Requisição de serviço | C3: Novo conferente precisa de acesso ao WMS
A4: Alteração de perfil de acesso | B4: Requisição de serviço | C4: Operador promovido a líder precisa de permissão de ajuste de estoque
A5: Desligamento / revogação | B5: Requisição de serviço | C5: RH informou desligamento; desabilitar conta e recolher coletor
A6: WMS indisponível / lento | B6: Incidente | C6: Tela de separação não carrega para o turno inteiro
A7: Coletor / leitor sem conexão | B7: Incidente | C7: Coletor não conecta ao Wi-Fi na doca 3
A8: Impressora de etiqueta | B8: Incidente | C8: Zebra não imprime etiqueta de volume
A9: Integração SAP / interface | B9: Incidente | C9: Pedidos do SAP não caíram no WMS
A10: Rede / Wi-Fi | B10: Incidente | C10: Queda de sinal na área de expedição
A11: Estação de trabalho / periférico | B11: Incidente | C11: Computador do recebimento não liga
A12: Falha recorrente (causa raiz) | B12: Problema | C12: Mesma impressora trava toda segunda-feira
A13: Outros | B13: Requisição de serviço | C13: Qualquer caso que não se encaixe acima

Sheet Matriz
A1: Matriz de prioridade — Impacto × Urgência
A3: Impacto \ Urgência | C3: 1 - Alta | D3: 2 - Média | E3: 3 - Baixa
A5: 1 - Alto | C5: P1 | D5: P2 | E5: P3
A6: 2 - Médio | C6: P2 | D6: P3 | E6: P4
A7: 3 - Baixo | C7: P3 | D7: P4 | E7: P4
A9: Prioridade | B9: Significado | C9: Prazo de atendimento (sugestão, ajuste)
A10: P1 | B10: Operação parada (ex.: WMS fora, expedição sem etiqueta) | C10: 30 min
A11: P2 | B11: Setor prejudicado, com contorno possível | C11: 2 h
A12: P3 | B12: Um usuário afetado ou pedido com prazo | C12: 8 h úteis
A13: P4 | B13: Pode ser planejado | C13: 3 dias úteis

Sheet Chamados
A1: ID | B1: Data | C1: Período | D1: Setor | E1: Descrição (sem nomes/logins) | F1: Tipo ITIL | G1: Categoria | H1: Impacto (1-3) | I1: Urgência (1-3) | J1: Prioridade | K1: Categoria sugerida pela IA | L1: IA acertou? | M1: Tempo de solução (min)
A2: 1 | B2: 15/09/2026 | C2: Antes | D2: Expedição | E2: Impressora de etiqueta da doca 2 não imprime | F2: Incidente | G2: Impressora de etiqueta | H2: 2 | I2: 1 | J2: =IF(OR(H2="",I2=""),"",INDEX(Matriz!$C$5:$E$7,H2,I2)) | K2: Impressora de etiqueta | L2: =IF(OR(K2="",G2=""),"",IF(K2=G2,"Sim","Não")) | M2: 25
J3: =IF(OR(H3="",I3=""),"",INDEX(Matriz!$C$5:$E$7,H3,I3)) | L3: =IF(OR(K3="",G3=""),"",IF(K3=G3,"Sim","Não"))
J4: =IF(OR(H4="",I4=""),"",INDEX(Matriz!$C$5:$E$7,H4,I4)) | L4: =IF(OR(K4="",G4=""),"",IF(K4=G4,"Sim","Não"))
J5: =IF(OR(H5="",I5=""),"",INDEX(Matriz!$C$5:$E$7,H5,I5)) | L5: =IF(OR(K5="",G5=""),"",IF(K5=G5,"Sim","Não"))
J6: =IF(OR(H6="",I6=""),"",INDEX(Matriz!$C$5:$E$7,H6,I6)) | L6: =IF(OR(K6="",G6=""),"",IF(K6=G6,"Sim","Não"))
J7: =IF(OR(H7="",I7=""),"",INDEX(Matriz!$C$5:$E$7,H7,I7)) | L7: =IF(OR(K7="",G7=""),"",IF(K7=G7,"Sim","Não"))
J8: =IF(OR(H8="",I8=""),"",INDEX(Matriz!$C$5:$E$7,H8,I8)) | L8: =IF(OR(K8="",G8=""),"",IF(K8=G8,"Sim","Não"))
J9: =IF(OR(H9="",I9=""),"",INDEX(Matriz!$C$5:$E$7,H9,I9)) | L9: =IF(OR(K9="",G9=""),"",IF(K9=G9,"Sim","Não"))
J10: =IF(OR(H10="",I10=""),"",INDEX(Matriz!$C$5:$E$7,H10,I10)) | L10: =IF(OR(K10="",G10=""),"",IF(K10=G10,"Sim","Não"))
J11: =IF(OR(H11="",I11=""),"",INDEX(Matriz!$C$5:$E$7,H11,I11)) | L11: =IF(OR(K11="",G11=""),"",IF(K11=G11,"Sim","Não"))
J12: =IF(OR(H12="",I12=""),"",INDEX(Matriz!$C$5:$E$7,H12,I12)) | L12: =IF(OR(K12="",G12=""),"",IF(K12=G12,"Sim","Não"))
J13: =IF(OR(H13="",I13=""),"",INDEX(Matriz!$C$5:$E$7,H13,I13)) | L13: =IF(OR(K13="",G13=""),"",IF(K13=G13,"Sim","Não"))
J14: =IF(OR(H14="",I14=""),"",INDEX(Matriz!$C$5:$E$7,H14,I14)) | L14: =IF(OR(K14="",G14=""),"",IF(K14=G14,"Sim","Não"))
... J301: =IF(OR(H301="",I301=""),"",INDEX(Matriz!$C$5:$E$7,H301,I301)) | L301: =IF(OR(K301="",G301=""),"",IF(K301=G301,"Sim","Não"))

Sheet Contas_AD
A1: SamAccountName | B1: Name | C1: LastLogonDate | D1: Desligado segundo o RH? | E1: Ação tomada
A2: usuario.exemplo | B2: Usuário Exemplo | C2: 10/05/2026 | D2: =IF(A2="","",IF(COUNTIF(Desligados_RH!$A$2:$A$1000,A2)>0,"SIM","não")) | E2: Desabilitada
D3: =IF(A3="","",IF(COUNTIF(Desligados_RH!$A$2:$A$1000,A3)>0,"SIM","não"))
D4: =IF(A4="","",IF(COUNTIF(Desligados_RH!$A$2:$A$1000,A4)>0,"SIM","não"))
D5: =IF(A5="","",IF(COUNTIF(Desligados_RH!$A$2:$A$1000,A5)>0,"SIM","não"))
D6: =IF(A6="","",IF(COUNTIF(Desligados_RH!$A$2:$A$1000,A6)>0,"SIM","não"))
D7: =IF(A7="","",IF(COUNTIF(Desligados_RH!$A$2:$A$1000,A7)>0,"SIM","não"))
D8: =IF(A8="","",IF(COUNTIF(Desligados_RH!$A$2:$A$1000,A8)>0,"SIM","não"))
D9: =IF(A9="","",IF(COUNTIF(Desligados_RH!$A$2:$A$1000,A9)>0,"SIM","não"))
D10: =IF(A10="","",IF(COUNTIF(Desligados_RH!$A$2:$A$1000,A10)>0,"SIM","não"))
D11: =IF(A11="","",IF(COUNTIF(Desligados_RH!$A$2:$A$1000,A11)>0,"SIM","não"))
D12: =IF(A12="","",IF(COUNTIF(Desligados_RH!$A$2:$A$1000,A12)>0,"SIM","não"))
D13: =IF(A13="","",IF(COUNTIF(Desligados_RH!$A$2:$A$1000,A13)>0,"SIM","não"))
D14: =IF(A14="","",IF(COUNTIF(Desligados_RH!$A$2:$A$1000,A14)>0,"SIM","não"))
... D501: =IF(A501="","",IF(COUNTIF(Desligados_RH!$A$2:$A$1000,A501)>0,"SIM","não"))

Sheet Desligados_RH
A1: Login (SamAccountName) informado pelo RH | B1: Data do desligamento
A2: usuario.exemplo | B2: 30/04/2026
